Unnamed: 0,Unnamed: 1,Namn,För. Nr,Adress,Co Adress,Post Nr,Unnamed: 7,Postort,Kommun,Epostadress,Unnamed: 11,Hemsida,lat,lon,district,geocoding_confidence,geocoding_details,size_bucket,latitude,longitude,id
,,Afganska Göteborg FF,55754.0,Blåsvädersgatan,Mahdi Khodadad,41832,,Göteborg,Göteborg,mahdi322.mk47@gmail.com,,,57.71596505625,11.88830339375,,exact,Street midpoint: BlÅsvÄdersgatan (16 addresses),medium,57.71596505625,11.88830339375,1
,,Ahlafors IF,1019.0,Box 3002,,44914,,ALAFORS,Ale,kansliet@ahlaforsif.se,,www.ahlaforsif.se,,,,failed,Geocoding failed,medium,,,2
,,AIF Göteborg,1088.0,Kungsladugårdsgatan 100,Lars Wingfors,41476,,GÖTEBORG,Göteborg,AIF.Goteborg@gmail.com,,,57.6812936,11.9294918,,exact,Exact match: KungsladugÅrdsgatan 100,medium,57.6812936,11.9294918,3
,,Alealiber IF,54781.0,Ahrenbergsgatan 27,Cecilia Jansson,416 73,,Göteborg,Göteborg,alealiberif@outlook.com,,https://www.svenskalag.se/alealiberif,57.723051,12.0328446,,exact,Exact match: Ahrenbergsgatan 27,medium,57.723051,12.0328446,4
,,Angered BK,53795.0,Knattens väg 12,,424 32,,Angered,Göteborg,abbas@gunnilseis.se; idris.abdi@gunnilseis.se; kansli@gunnilseis.se; husyusu@live.se,,https://www.angeredallians.se,57.7778656,12.0164021,,exact,Exact match: Knattens VÄg 12,medium,57.7778656,12.0164021,5
,,Angered MBIK,8390.0,Svarte Filips gata 10,,42444,,ANGERED,Göteborg,angeredmbik@gmail.com; husyusu@live.se,,www.svenskalag.se/angeredmbik,57.8146776,12.0323338,,exact,Exact match: Svarte Filips Gata 10,medium,57.8146776,12.0323338,6
,,Angered SK,52246.0,BOX 36,,424 21,,Angered,Göteborg,angeredsk@gmail.com,,svenskalag.se/angeredsk,,,,failed,Geocoding failed,medium,,,7
,,Angereds IS,31137.0,Högaffelgatan 15,,424,,Angered,Göteborg,viktor.kirsby@angeredsis.com,,angeredsis.com,57.7948247,12.0546202,,fuzzy,Fuzzy match: HÖgaffelsgatan 15 (score: 96),medium,57.7948247,12.0546202,8
,,Annedal FF,54158.0,Nilssonsberg 31,,41143,,Göteborg,Göteborg,annedalff@hotmail.com,,,57.694819,11.9593032,,exact,Exact match: Nilssonsberg 31,large,57.694819,11.9593032,9
,,Apollon FF Göteborg ,56645.0,Våmmedalsvägen 8,,42831,,Kållered,Göteborg,amaertotelioses@gmail.com,,,57.565622883333326,11.931339533333333,,fuzzy,Street midpoint: VÅgnedalsvÄgen (18 addresses),medium,57.565622883333326,11.931339533333333,10
,,Askims IK,1113.0,Box 9120,Stora Åvägen 1,40093,,GÖTEBORG,Göteborg,info@askimsik.se,,www.askimsik.se,,,,failed,Geocoding failed,medium,,,11
,,Assyriska BK,8350.0,Diamantgatan 1,,42150,,VÄSTRA FRÖLUNDA,Göteborg,assyriska.bk@mail.com,,https://www.laget.se/AssyriskaBK,57.6508038,11.9035503,,exact,Exact match: Diamantgatan 1,medium,57.6508038,11.9035503,12
,,Athletic FC Angered ,56528.0,Kalendervägen 16,Hussein Yusuf Abdi,41534,,GÖTEBORG,Göteborg,afcangered@gmail.com,,w,57.7489988,12.0339973,,exact,Exact match: KalendervÄgen 16,medium,57.7489988,12.0339973,13
,,Atletico Göteborg FC ,55193.0,"Danska vägen 88, Göteborg",,416 59,,Göteborg,Göteborg,ts.samuelsson@hotmail.com,,,57.7132795,12.0063108,,exact,Exact match: Danska VÄgen 88,large,57.7132795,12.0063108,14
,,Azalea BK,27680.0,Ekedalsgatan 20,Majvallen,41468,,GÖTEBORG,Göteborg,kansli@azaleabk.se,,http://www.azaleabk.se,57.6893864,11.9344163,,exact,Exact match: Ekedalsgatan 20,large,57.6893864,11.9344163,15
,,Backatorp IF,32492.0,, ,42247,,Hisings Backa,Göteborg,kansliet@backatorpif.se,,www.backatorpif.se,,,,failed,Geocoding failed,medium,,,16
,,Balltorps FF,24821.0,Gundefjällsgatan 115,Jonas Werley,43150,,Mölndal,Mölndal,joel@i-store.se,,www.laget.se/balltorpsff,57.71566997499999,12.061390817857143,,fuzzy,Street midpoint: LÅngefjÄllsgatan (28 addresses),medium,57.71566997499999,12.061390817857143,17
,,Bellevue City FK ,56477.0,Karl Gustavsgatan 53,,41131,,Göteborg,Göteborg,tom_engvall@hotmail.com,,,57.6943305,11.9693317,,exact,Exact match: Karl Gustavsgatan 53,large,57.6943305,11.9693317,18
,,Bergsjö IF,1168.0,"Sjustjärnan, Bergsjövallen",,415 51,,GÖTEBORG,Göteborg,bergsjoifgbg@outlook.com,,www.laget.se/bergsjo_if,57.7526695,12.0568619,,exact,Street midpoint: SjustjÄrnan (2 addresses),medium,57.7526695,12.0568619,19
,,Bergums IF,1172.0,Bergumsvallen,,42470,,OLOFSTORP,Göteborg,bergumsif@gmail.com,,Laget.se/bergumsif,57.8303857,11.9171153,,fuzzy,Street midpoint: Bergkullen (1 addresses),medium,57.8303857,11.9171153,20
,,Bjurslätts IF,1192.0,Hällskriftsgatan 3,,41726,,GÖTEBORG,Göteborg,info@bjurslatt.se,,http://www.bjurslatt.com,57.730148,11.9330858,,exact,Exact match: HÄllskriftsgatan 3,medium,57.730148,11.9330858,21
,,Björndammens BK,8304.0,Grenvägen 3,Christer Grahn,43347,,PARTILLE,Partille,kansli@bjorndammensbk.se,,www.bjorndammensbk.se,57.6908954,11.9360313,,fuzzy,Fuzzy match: GenvÄgen 3 (score: 94),large,57.6908954,11.9360313,22
,,BK Bifrost,8301.0,BK Bifrost ,Karin Larsson,431 44,,MÖLNDAL,Mölndal,fana_hunegnaw@hotmail.com; kassor@bkbifrost.se,,www.bkbifrost.se,,,,failed,Geocoding failed,medium,,,23
,,BK Björkåsen,1584.0,Nolängsvägen 12,Curt Bryngelsson,424 55,,Angered,Göteborg,cbryngel@gmail.com,,http://www.laget.se/bjorkasen,57.7802454,12.0609278,,exact,Exact match: NolÄngsvÄgen 12,medium,57.7802454,12.0609278,24
,,BK Häcken,2126.0,Entreprenadvägen 6,,417 05,,GÖTEBORG,Göteborg,kansli@bkhacken.se; kansliungdom@bkhacken.se; anders.wahrnberg@bkhacken.se,,https://bkhacken.se/,57.7411732,11.9473239,,exact,Exact match: EntreprenadvÄgen 6,large,57.7411732,11.9473239,25
,,BK Häcken FF,8378.0,Entreprenadvägen 6,,417 05,,Göteborg,Göteborg,kansli@bkhacken.se; kansliungdom@bkhacken.se; anders.wahrnberg@bkhacken.se; tomas.andersson@bkhacken.se,,https://bkhacken.se/,57.7411732,11.9473239,,exact,Exact match: EntreprenadvÄgen 6,large,57.7411732,11.9473239,26
,,BK S:t Jakob,34967.0,Parkgatan 4,,41138,,GÖTEBORG,Göteborg,Robertolans@hotmail.com,,svenskalag.se/bkjakob,57.7029311,11.9748047,,exact,Exact match: Parkgatan 4,large,57.7029311,11.9748047,27
,,BK Skottfint,35610.0,Verkmästaregatan 2,Daniel Åman,41757,,GÖTEBORG,Göteborg,fogis@skottfint.nu,,http://www.skottfint.nu,57.7047696,11.9318188,,exact,Exact match: VerkmÄstaregatan 2,large,57.7047696,11.9318188,28
,,Brämaregårdens FC,45892.0,Blidvädersplan,,418 30,,Göteborg,Göteborg,bramaregarden@hotmail.com,,svenskalag.se/bfc,57.71060287844827,11.890308482758622,,fuzzy,Street midpoint: BlidvÄdersgatan (116 addresses),medium,57.71060287844827,11.890308482758622,29
,,Chalmers Studentkårs IS,51319.0,Teknologgården 2,,412 58,,Göteborg,Göteborg,carl.kieksi@cis-chalmers.se,,,57.6942126,11.9780429,,fuzzy,Fuzzy match: Teknologgatan 2 (score: 74),large,57.6942126,11.9780429,30
,,Club América FF,54448.0,Sommarvädersgatan 18-1201,Mike Ramirez,41833,,Göteborg,Göteborg,club.america.ff@outlook.com,,https://www.svenskalag.se/clubamericaff,57.716712202500005,11.89526236,,fuzzy,Street midpoint: SommarvÄdersgatan (40 addresses),medium,57.716712202500005,11.89526236,31
,,Croatia Göteborg,8314.0,Kortedala Idrottsväg 15,,41511,,GÖTEBORG,Göteborg,ante.lijic@seb.se; ervin.gulin@hotmail.com,,https://www.laget.se/CROATIAGOTEBORG/,57.7522147,12.0396423,,exact,Exact match: Kortedala IdrottsvÄg 15,medium,57.7522147,12.0396423,32
,,Dalen/Krokslätts FF,8315.0,Krokslätts Storgata 44,,431 38,,MÖLNDAL,Mölndal,dalenkff@gmail.com,,www.laget.se/DalenKFF_,57.6778392,11.987479566666666,,fuzzy,Street midpoint: KrokslÄtts Parkgata (3 addresses),large,57.6778392,11.987479566666666,33
,,Diseröd SK,44736.0,ULVEGÄRDEGATAN 49,DANIEL BROMAN,44243,,KUNGÄLV,Kungälv,dskfotboll@live.se,,http://www.svenskalag.se/diserodsk,57.70056967999999,12.00413579,,fuzzy,Street midpoint: HumlegÅrdsgatan (10 addresses),large,57.70056967999999,12.00413579,34
,,Donsö IS,8316.0,Lurkenvägen 2,,43082,,DONSÖ,Göteborg,Anders.backman@siriusshipping.eu ; jbe.taxi@telia.com,,http://www.laget.se/Donsois1,57.604849,11.8044952,,exact,Exact match: LurkenvÄgen 2,medium,57.604849,11.8044952,35
,,Elisedals IS,1480.0,Löparegatan 2,,416 69,,GÖTEBORG,Göteborg,elisedals_is@hotmail.com,,http://www.laget.se/elisedalsis,57.72190866666666,12.009794153333331,,exact,Street midpoint: LÖparegatan (15 addresses),large,57.72190866666666,12.009794153333331,36
,,Eriksbergs IF,8319.0,Danagatan 16,Reine Lindmark,41876,,GÖTEBORG,Göteborg,eriksberg.fotboll@telia.com,,,57.7048777,11.9108867,,exact,Exact match: Danagatan 16,medium,57.7048777,11.9108867,37
,,Espanyol Göteborg IF ,54985.0,Trädesgatan 5A ,,41505,,Göteborg,Göteborg,ernesto@rcdespanyolacademy.se; goteborg@rcdespanyolacademy.se,,,57.7214165,11.9392444,,exact,Exact match: TrÄdesgatan 5A,large,57.7214165,11.9392444,38
,,FC Fyrklövern,67139.0,Fyrklöversgatan,,41721,,Göteborg,Göteborg,fcfyrklovern2020@gmail.com,,,57.727155008,11.932013047999998,,exact,Street midpoint: FyrklÖversgatan (100 addresses),medium,57.727155008,11.932013047999998,39
,,FC Heden,44670.0,Johannas väg 26,Tobias Larsson,42542,,Göteborg,Göteborg,fcheden@hotmail.com,,www.laget.se/fcheden,57.8066728,11.9795949,,exact,Exact match: Johannas VÄg 26,medium,57.8066728,11.9795949,40
,,FC Härlanda,45280.0,Lilla Korsåsgatan 28,Sebatian Malcus,421 47,,Västra Frölunda,Göteborg,jonatan_hellman@hotmail.com,,,57.643982,11.9126701,,exact,Exact match: Lilla KorsÅsgatan 28,medium,57.643982,11.9126701,41
,,FC Komarken,40883.0,Kongahällagatan 34 A,,442 38,,KUNGÄLV,Kungälv,fckomarken@gmail.com,,http://www.laget.se/fc-komarken,57.760190375,12.050918625,,fuzzy,Street midpoint: Galaxgatan (4 addresses),medium,57.760190375,12.050918625,42
,,FC Kålltorp ,54962.0,Björcksgatan 11,"Ulf Jörnvik, FC Kålltorp",41652,,Göteborg,Göteborg,mikael.ok.olsson@gmail.com,,,57.7169076,12.0217515,,exact,Exact match: BjÖrcksgatan 11,medium,57.7169076,12.0217515,43
,,FC Ljiljan Göteborg,52848.0,Ekspinnarevägen 19,Haris Avdic,43531,,Mölnlycke,Härryda,avdicharis@yahoo.se,,https://www.svenskalag.se/fcljiljan,57.6261422125,11.955552384375,,fuzzy,Street midpoint: SkrinnarvÄgen (32 addresses),medium,57.6261422125,11.955552384375,44
,,FC Majorna,43869.0,Bangatan 23,Okinedo,41463,,Göteborg,Göteborg,jaykadir86@gmail.com,,laget.se/FCmajorna,57.6964068,11.9347847,,exact,Exact match: Bangatan 23,large,57.6964068,11.9347847,45
,,Finlandia Pallo AIF,26254.0,Hinnebäcksgatan,,417 45,,GÖTEBORG,Göteborg,info@finpa.se,,www.finpa.se,57.750462178125005,11.918145346875,,exact,Street midpoint: HinnebÄcksgatan (64 addresses),medium,57.750462178125005,11.918145346875,46
,,Floda BoIF,1620.0,Skallsjö Prästväg 12,,448 31,,FLODA,Lerum,kansliet@flodaboif.se,,http://www.flodaboif.se,,,,failed,Geocoding failed,medium,,,47
,,Fotö GoIF,8323.0,Dörjevägen 18,Maria Zackrisson,47545,,Fotö,Öckerö,Rasmuszackrisson@gmail.com,,www.laget.se/fgif,57.64824598604651,11.79998215116279,,fuzzy,Street midpoint: KÖrevÄgen (43 addresses),medium,57.64824598604651,11.79998215116279,48
,,Framtida Idrottsförening ,55962.0,"Markurellgatan 24, lgh 1102",Osman Cabdisamad Cismaan,422 52,,Hisings Backa,Göteborg,osman.cismaan93@gmail.com,,,57.7469774,11.9756054,,exact,Exact match: Markurellgatan 24,large,57.7469774,11.9756054,49
,,Fröjdens FK,51007.0,Mölndalsvägen 87D,Philip Franzén,41284,,Göteborg,Göteborg,frojdensfk@hotmail.com,,http://www.laget.se/frojdensfk,57.680915,12.0018317,,exact,Exact match: MÖlndalsvÄgen 87D,large,57.680915,12.0018317,50
,,Fässbergs IF,8328.0,Idrottsvägen 3,,43162,,MÖLNDAL,Mölndal,kansli@fassbergsif.se; fogis@fassbergsif.se; klubbchef@fassbergsif.se; ordforande@fassbergsif.se,,www.fassbergsif.se,57.7882203,12.0963704,,fuzzy,Street midpoint: VÄnderotsvÄgen (1 addresses),medium,57.7882203,12.0963704,51
,,GAIS,8338.0,Gamla Boråsvägen 75,,41276,,GÖTEBORG,Göteborg,info@gais.se; magnus.skoldmark@gais.se,,www.gais.se,57.6805911,12.0295318,,exact,Exact match: Gamla BorÅsvÄgen 75,large,57.6805911,12.0295318,52
,,GAIS Futsal,51600.0,Årsringagatan 50,Fredrik Ritter,431 51,,Mölndal,Göteborg,fredrik@gotrev.se,,www.gaisfutsal.com,57.678873825,11.9482928,,fuzzy,Street midpoint: Syringsgatan (4 addresses),large,57.678873825,11.9482928,53
,,Galacticos FC,66921.0,Galileis Gata 13,Sadaq Bashir,41554,,Göteborg,Göteborg,galacticos.bergsjon@gmail.com,,,57.7618241,12.0541806,,exact,Exact match: Galileis Gata 13,medium,57.7618241,12.0541806,54
,,Gambian Mix IF,54183.0,Inägogatan 23C,Mustapha Minteh,41784,,Göteborg ,Göteborg,baltimore83@hotmail.com,,,57.7134989,11.9127278,,exact,Exact match: InÄgogatan 23C,medium,57.7134989,11.9127278,55
,,Gamlestaden FF,51497.0,Eklövsvägen 216,Christian Brile,443 50,,Lerum,Göteborg,christian.brile@gmail.com,,www.gamlestadenff.se,57.7357925,11.792644433333331,,fuzzy,Street midpoint: KlÖvÅsvÄgen (9 addresses),medium,57.7357925,11.792644433333331,56
,,Gatans Lag FF,45770.0,Härlanda Park 6B,Qviding FIF,41652,,Göteborg,Göteborg,info@gatanslag.se; felizia@gatanslag.se,,www.gatanslag.se,57.7162171,12.0171829,,exact,Exact match: HÄrlanda Park 6B,large,57.7162171,12.0171829,57
,,GoldCoast FC,54766.0,Tellusgatan 8 lgh 452,Gilbert Mensah,41568,,GÖTEBORG ,Göteborg,gold.coast.fc.gbg@gmail.com,,https://www.svenskalag.se/goldcoastfc,57.7591586734375,12.0711968640625,,fuzzy,Street midpoint: Tellusgatan (64 addresses),medium,57.7591586734375,12.0711968640625,58
,,Gothenburg Celtic FC,43913.0,Haga Östergata 18,Florent Schildknecht,41301,,Göteborg,Göteborg,gothenburgceltic@gmail.com,,www.gothenburgceltic.com,57.6990285,11.9591206,,fuzzy,Fuzzy match: Haga Àstergata 18 (score: 90),large,57.6990285,11.9591206,59
,,Grunden BOIS,38306.0,Krutvägen 4,Prioritet Serneke Arena,415 28,,GÖTEBORG,Göteborg,thor@grundenbois.com,,http://www.grundenbois.com,57.7380158,12.0349041,,exact,Exact match: KrutvÄgen 4,medium,57.7380158,12.0349041,60
,,Guldhedens IK,1835.0,Dr. Heymans gata 1F,,41322,,GÖTEBORG,Göteborg,kansli@guldhedensik.se; fotbollsansvarig@guldhedensik.se; ungdomsfotboll@guldhedensik.se,,https://www.guldhedensik.se,57.6866629,11.9684412,,fuzzy,Fuzzy match: Doktor Heymans Gata 1F (score: 86),large,57.6866629,11.9684412,61
,,Gunnared KIF,50945.0,Gunnaredsvallen 4,,42466,,Angered,Göteborg,gunnaredkif@outlook.com ,,www.svenskalag.se/gunnaredkif,57.8004972,12.0651938,,exact,Exact match: Gunnaredsvallen 4,medium,57.8004972,12.0651938,62
,,Gunnilse IS,1850.0,Knattens Väg 12,,424 32,,ANGERED,Göteborg,kansli@gunnilseis.se; Bjorn@gunnilseis.se; gunilla@gunnilseis.se; idris.abdi@gunnilseis.se; abbas@gunnilseis.se,,http://www.gunnilseis.se,57.7778656,12.0164021,,exact,Exact match: Knattens VÄg 12,medium,57.7778656,12.0164021,63
,,Gårda BK,8333.0,Katrinebergsgatan 4B,Näsström,43161,,Mölndal,Göteborg,gardabk1919@gmail.com,,www.svenskalag.se/gardabk,57.69443050625,11.923113075,,fuzzy,Street midpoint: Mariebergsgatan (16 addresses),medium,57.69443050625,11.923113075,64
,,Gårdsten FC,56525.0,Muskotgatan 32,,42441,,Angered,Göteborg,Gardstenfc@gmail.com,,,57.8061487,12.0314742,,exact,Exact match: Muskotgatan 32,medium,57.8061487,12.0314742,65
,,Götafors BK ,56552.0,Bifrostgatan 48E,,43144,,Mölndal,Mölndal,gotaforsbk@outlook.com,,,57.72575222222223,11.915882266666667,,fuzzy,Street midpoint: Frostgatan (9 addresses),medium,57.72575222222223,11.915882266666667,66
,,Götaholms BK,8335.0,Ambrosiusgatan 2,Brandströmska skolan,41517,,GÖTEBORG,Göteborg,info.gotaholm@gmail.com,,http://www.gotaholm.se,57.7344596,12.011060566666666,,exact,Street midpoint: Ambrosiusgatan (3 addresses),large,57.7344596,12.011060566666666,67
,,Göteborgs City FF,40858.0,Norra Krokslättsgatan 13,Hultberg,41264,,Göteborg,Göteborg,goteborgscityff@gmail.com,,https://www.instagram.com/goteborgscityff/,57.6891272,11.9932615,,exact,Exact match: Norra KrokslÄttsgatan 13,large,57.6891272,11.9932615,68
,,Göteborgs FF,1895.0,Ekedalsgatan 20,Majvallen,414 68,,GÖTEBORG,Göteborg,gff@gff1897.se,,http://www.svenskalag.se/gff1897,57.6893864,11.9344163,,exact,Exact match: Ekedalsgatan 20,large,57.6893864,11.9344163,69
,,Göteborgs SIF,1907.0,Gibraltargatan 39-41,Idrottshallen Fysiken,41279,,GÖTEBORG,Göteborg,styrelsen@gsif.se,,http://gsif.se/,57.68646140422536,11.982202761971832,,fuzzy,Street midpoint: Gibraltargatan (71 addresses),large,57.68646140422536,11.982202761971832,70
,,Hammarkullens BK,50653.0,Fjäderharvsgatan 115,Christian Winnicki,42466,,Angered,Göteborg,Yaaquub.hkbk@gmail.com,,,57.7972417,12.0551299,,exact,Exact match: FjÄderharvsgatan 115,medium,57.7972417,12.0551299,71
,,Hermansby IF,2014.0,Lyckevägen 19,,442 70,,KÄRNA,Kungälv,kansli@hermansbyif.se,,www.hermansbyif.se,57.6312966625,11.9292968125,,exact,Street midpoint: LyckevÄgen (8 addresses),medium,57.6312966625,11.9292968125,72
,,Hira IK,54926.0,Rimfrostgatan 113,Abedin Belaj,418 40,,Göteborg,Göteborg,,,,57.7308679,11.8876593,,exact,Exact match: Rimfrostgatan 113,medium,57.7308679,11.8876593,73
,,Hisingsbacka FC,2031.0,Box 4187,,42204,,HISINGS BACKA,Göteborg,kansli@hbfc.se,,http://www.hbfc.se,,,,failed,Geocoding failed,medium,,,74
,,Hjuviks AIK,21414.0,Torslanda Hästeviksväg 59,,42341,,Torslanda,Göteborg,hjuviksaik@hotmail.com,,https://hjuviksaik.myclub.se/,57.7187576,11.7207528,,fuzzy,Fuzzy match: Torslanda HÄsteviks VÄg 59 (score: 98),medium,57.7187576,11.7207528,75
,,Hovås Billdal IF,2075.0,Box 2004,,436 02,,HOVÅS,Göteborg,nina@hovasbilldal.se; peter@hovasbilldal.se ,,http://www.hovasbilldal.se,,,,failed,Geocoding failed,medium,,,76
,,Hålta IK,2124.0,Matskärsvägen 88,Tony Tenvid,442 75,,LYCKE,Kungälv,fotboll@haltaik.se,,www.haltaik.se,57.64638486470588,11.87236195882353,,fuzzy,Street midpoint: SvartskÄrsvÄgen (34 addresses),medium,57.64638486470588,11.87236195882353,77
,,Hällesåker IF,8353.0,Raneredsvägen 5,,437 92,,LINDOME,Mölndal,info@hallesakerif.nu; jesper.loenn@gmail.com,,www.hallesakerif.nu,57.66390154285715,11.876849406122448,,fuzzy,Street midpoint: TraneredsvÄgen (49 addresses),medium,57.66390154285715,11.876849406122448,78
,,Hälsö BK,2150.0,Box 256,,47512,,HÄLSÖ,Öckerö,lisa.pettersson@live.se,,www.halsobk.se,,,,failed,Geocoding failed,medium,,,79
,,Härryda IF,2159.0,Lerdalsvägen 1,,43892,,HÄRRYDA,Härryda,harrydaif@hotmail.com; Albin.030414@gmail.com; Bako.lofgren@harryda.se,,www.laget.se/harrydaif,57.68415391999999,12.00262846,,fuzzy,Street midpoint: AlmedalsvÄgen (5 addresses),large,57.68415391999999,12.00262846,80
,,Högaborg Käringön FC,31890.0,Stampgatan 64 Lgh 1702,Torsten Landergren,41101,,GÖTEBORG,Göteborg,info@hkfc.se,,http://www.hkfc.se,57.70898204200001,11.985288857999995,,fuzzy,Street midpoint: Stampgatan (50 addresses),large,57.70898204200001,11.985288857999995,81
,,Högsbo FF ,66945.0,Golfstigen 5,,43650,,Hovås,Göteborg,hogsboff@gmail.com,,,57.6145346,11.9303156,,exact,Exact match: Golfstigen 5,medium,57.6145346,11.9303156,82
,,Hönö IS,2197.0,Lindblomsvägen 30,,475 42,,HÖNÖ,Öckerö,Ordforande@honois.se,,www.laget.se/honois,57.7062866,11.9290874,,fuzzy,Fuzzy match: LindholmsvÄgen 30 (score: 86),medium,57.7062866,11.9290874,83
,,IF Mölndal Fotboll,8395.0,Idrottsvägen 5,,43162,,MÖLNDAL,Mölndal,mail@molndalfotboll.com,,http://www.molndalfotboll.com,57.7882203,12.0963704,,fuzzy,Street midpoint: VÄnderotsvÄgen (1 addresses),medium,57.7882203,12.0963704,84
,,IF Vardar/Makedonija,4328.0,"Klubbhuset, Generatorsplan",,41705,,GÖTEBORG,Göteborg,Ifvardarmakedonija@gmail.com,,https://www.svenskalag.se/IFVardarMakedonija,,,,failed,Geocoding failed,medium,,,85
,,IF Warta,4547.0,Södra Sälöfjordsgatan 29,,41873,,GÖTEBORG,Göteborg,fuifwarta@gmail.com,,ifwarta.se,57.7126853,11.9025989,,exact,Exact match: SÖdra SÄlÖfjordsgatan 29,medium,57.7126853,11.9025989,86
,,IF Väster,4503.0,Box 206,,421 22,,Västra Frölunda,Göteborg,info@ifvaster.com,,http://www.ifvaster.com,,,,failed,Geocoding failed,medium,,,87
,,IFK Björkö,2236.0,Ekvägen 4,Malin Sandström,475 37,,BOHUS-BJÖRKÖ,Öckerö,epost@ifkbjorko.nu,,http://www.ifkbjorko.nu,57.7850637,12.0867808,,fuzzy,Fuzzy match: EkÅsvÄgen 4 (score: 88),medium,57.7850637,12.0867808,88
,,IFK Göteborg,2250.0,Kamratgårdsvägen 50,,41655,,GÖTEBORG,Göteborg,info@ifkgoteborg.se,,www.ifkgoteborg.se,57.6973088,12.0288277,,exact,Exact match: KamratgÅrdsvÄgen 50,large,57.6973088,12.0288277,89
,,IFK Göteborg Futsal,40671.0,Kvibergs Port 6,,41527,,Göteborg,Göteborg,info@ifkgoteborgfutsal.se,,www.ifkgoteborgfutsal.se,57.73053706666667,12.032913333333331,,fuzzy,Street midpoint: Kvibergs BrovÄg (3 addresses),large,57.73053706666667,12.032913333333331,90
,,IFK Hindås,2255.0,Sportvägen 9,,43898,,HINDÅS,Härryda,kansli@ifkhindas.se,,www.ifkhindas.com,57.707242,11.7668321,,fuzzy,Fuzzy match: SkotvÄgen 9 (score: 84),medium,57.707242,11.7668321,91
,,IFK Hällingsjö,8357.0,Björkängsvägen 3,,43896,,HÄLLINGSJÖ,Härryda,sebastian.valenzuela@live.se,,http://www.ifkhallingsjo.se/,57.7185958,11.7253171,,fuzzy,Fuzzy match: BjÖrkÅsvÄgen 3 (score: 85),medium,57.7185958,11.7253171,92
,,IK Kongahälla,8372.0,Karebyvägen 4,,442 42,,KUNGÄLV,Kungälv,linus.carlstrom@ikkongahalla.com; tanja.ivanova@ikkongahalla.com; johan.lindberg@ikkongahalla.com; ikkongahalla1906@gmail.com,,www.ikkongahalla.com,57.76365413333334,11.865690455555557,,fuzzy,Street midpoint: AllebyvÄgen (9 addresses),medium,57.76365413333334,11.865690455555557,93
,,IK Surd,3919.0,Eklanda Hage 143b,,43149,,GÖTEBORG,Göteborg,nslattman@gmail.com,,www.iksurd.se,,,,failed,Geocoding failed,medium,,,94
,,IK Virgo,25892.0,Ljungbackegatan 1b,Röda klubbstugan längst ner på gatan,412 59,,GÖTEBORG,Göteborg,kansli@ikvirgo.se,,http://www.ikvirgo.se,57.68500848000001,11.98073936,,exact,Street midpoint: Ljungbackegatan (5 addresses),large,57.68500848000001,11.98073936,95
,,IK Zenith,4573.0,Zenithgården,,42355,,TORSLANDA,Göteborg,kansliet@ikzenith.se; robert.niklasson@ikzenith.se,,http://www.ikzenith.se/,57.7515891,11.8284141,,exact,Street midpoint: ZenithgÅrden (1 addresses),medium,57.7515891,11.8284141,96
,,IK Zenith FF,66977.0,Zenithgården 1,,42355,,Torslanda,Göteborg,kansliet@ikzenith.se,,http://www.ikzenith.se,57.7515891,11.8284141,,exact,Exact match: ZenithgÅrden 1,medium,57.7515891,11.8284141,97
,,Inter Göteborg IF,52864.0,Släpharvsgatan 5C,,43147,,Mölndal,Göteborg,Intergif@outlook.com,,www.svenskalag.se/intergif,57.79754723563219,12.053522495402298,,fuzzy,Street midpoint: LÄnkharvsgatan (87 addresses),medium,57.79754723563219,12.053522495402298,98
,,Jitex BK,31889.0,Idrottsvägen,,43162,,MÖLNDAL,Mölndal,info@jitex.se,,www.jitex.se,57.7882203,12.0963704,,fuzzy,Street midpoint: VÄnderotsvÄgen (1 addresses),medium,57.7882203,12.0963704,99
,,Johannebergs IF,23732.0,Sagogången 42,Rino Wiger,42245,,Hisingsbacka,Göteborg,rino.wiger@gmail.com,,https://www.svenskalag.se/johannebergsif,57.7423562,11.9761058,,exact,Exact match: SagogÅngen 42,large,57.7423562,11.9761058,100
,,Jonsereds IF,8365.0,Jons Väg 23,,433 75,,JONSERED,Partille,kansli@jonseredsif.se,,http://www.jonseredsif.se/,57.816984,11.9075666,,exact,Street midpoint: Jons VÄg (1 addresses),medium,57.816984,11.9075666,101
,,Järnbrotts IF,8366.0,Musikvägen 42,Reine Tilly,421 39,,VÄSTRA FRÖLUNDA,Göteborg,jarnbrottsif@gmail.com,,www.laget.se/JARNBROTT,57.6599406,11.9105612,,exact,Exact match: MusikvÄgen 42,medium,57.6599406,11.9105612,102
,,Kalvsunds IF,8367.0,Gamla vägen 19,,475 36,,KALVSUND,Öckerö,info@kalvsundsif.se,,www.laget.se/kalvsundsif,57.66767412352941,11.859881276470588,,exact,Street midpoint: Gamla VÄgen (17 addresses),medium,57.66767412352941,11.859881276470588,103
,,Kareby IS,2482.0,Hagenvägen 73,,442 46,,KAREBY,Kungälv,fotboll@kareby.com,,http://www.kareby.com,57.77083082878787,11.835537030303032,,fuzzy,Street midpoint: HÖgenvÄgen (66 addresses),medium,57.77083082878787,11.835537030303032,104
,,KF Velebit,4353.0,Box 22033,,40072,,GÖTEBORG,Göteborg,info@velebit.se,,http://www.velebit.se,,,,failed,Geocoding failed,medium,,,105
,,KIF Bosna Ljiljan,29934.0,Temperaturgatan 80,,41841,,GÖTEBORG,Göteborg,sejad.dz@gmail.com,, www.laget.se/BOSNAIFGBG/15160-start.html,57.7335078,11.8846269,,exact,Exact match: Temperaturgatan 80,medium,57.7335078,11.8846269,106
,,Knippla IK,8370.0,Box 76,,47513,,KÄLLÖ-KNIPPLA,Öckerö,fredrik.lindegren@volvocars.com; ulf@kik.nu,,www.kik.nu,,,,failed,Geocoding failed,medium,,,107
,,Kode IF,2590.0,Släbo 120,,44296,,KODE,Kungälv,kode.if@telia.com,,https://www.svenskalag.se/kodeif,,,,failed,Geocoding failed,medium,,,108
,,Kortedala IK,56005.0,Julaftonsgatan 58,,415 44,,Göteborg,Göteborg,kansli.kortedalaik@yahoo.com,,,57.7607173,12.0361007,,exact,Exact match: Julaftonsgatan 58,medium,57.7607173,12.0361007,109
,,Kungsladugårds BK,2656.0,Apelsingatan 4,,42654,,VÄSTRA FRÖLUNDA,Göteborg,info@kungsladugardsbk.se; marcus.angelin@kungsladugardsbk.se,,www.kungsladugardsbk.se,57.6554537,11.8818321,,exact,Exact match: Apelsingatan 4,medium,57.6554537,11.8818321,110
,,Kungälvs FF,24814.0,Box 397,,44211,,KUNGÄLV,Kungälv,info@kungalvsff.se; ordforande@kungalvsff.se,,kungalvsff.web.sportadmin.se,,,,failed,Geocoding failed,medium,,,111
,,Kviberg FF ,67165.0,Allhelgonagatan 19,Mohamed Abdiaziz Adan,41545,,Göteborg,Göteborg,vladimir.karanovic@icloud.com,,https://www.svenskalag.se/kvibergff,57.7618758,12.0380662,,exact,Exact match: Allhelgonagatan 19,medium,57.7618758,12.0380662,112
,,Kållered SK,2687.0,Tulebovägen 17,,42834,,KÅLLERED,Mölndal,fotboll@kalleredsk.se; planbokningksk@gmail.com,,http://www.kalleredsk.se,57.740240081818186,11.942287263636365,,fuzzy,Street midpoint: TuvevÄgen (11 addresses),large,57.740240081818186,11.942287263636365,113
,,Kärra Dragons FC,52050.0,Båtsman Lustigs gata 64,Therese Källberg,42257,,HisingsBacka,Göteborg,varberg2000@hotmail.com; matijevicdarko@hotmail.com,,,57.759475,11.9618932,,exact,Exact match: BÅtsman Lustigs Gata 64,medium,57.759475,11.9618932,114
,,Kärra KIF,2697.0,Burmans gata 3,,425 33,,HISINGS KÄRRA,Göteborg,info@karrakif.se,,www.karrakif.se,57.7984282,11.9875589,,exact,Exact match: Burmans Gata 3,medium,57.7984282,11.9875589,115
,,Landala IF,33221.0,Gibraltargatan 37,,41279,,GÖTEBORG,Göteborg,landalaif@gmail.com,,www.landalaif.com,57.6823777,11.9843687,,exact,Exact match: Gibraltargatan 37,large,57.6823777,11.9843687,116
,,Landvetter IF 2003,38193.0,Tahultsvägen 60,,438 35,,LANDVETTER,Härryda,info@landvetterif.se ;jonas.andersson@landvetterif.se,,http://www.landvetterif.se,57.71304308181818,11.769237054545457,,fuzzy,Street midpoint: AmhultsvÄgen (11 addresses),medium,57.71304308181818,11.769237054545457,117
,,Landvetter IS,2727.0,Tahultsvägen 60,,438 35,,LANDVETTER,Härryda,landvetter.is@telia.com,,http://landvetteris.com,57.71304308181818,11.769237054545457,,fuzzy,Street midpoint: AmhultsvÄgen (11 addresses),medium,57.71304308181818,11.769237054545457,118
,,Lekstorps IF,2748.0,Kumminvägen 1,Cathrine Svensson,443 70,,GRÅBO,Lerum,kansli@lekstorpsif.se,,www.lekstorpsif.se,57.6914198,11.976667,,fuzzy,Street midpoint: KemivÄgen (9 addresses),large,57.6914198,11.976667,119
,,Lerums IS,2755.0,Idrottsvägen 2,,443 31,,LERUM,Lerum,ninos@lerumsis.se; ,,www.lerumsis.se,57.7882203,12.0963704,,fuzzy,Street midpoint: VÄnderotsvÄgen (1 addresses),medium,57.7882203,12.0963704,120
,,Lindholmens BK,8381.0,Björcksgatan 52 C,Larry Hedlund,416 52,,GÖTEBORG,Göteborg,larry.hedlund@infranord.se,,,57.717286023387096,12.02848200080645,,exact,Street midpoint: BjÖrcksgatan (124 addresses),medium,57.717286023387096,12.02848200080645,121
,,Lindome GIF,2798.0,Hällesåkersvägen 5,,43791,,LINDOME,Mölndal,info@lindomegif.se,,www.lindomegif.se,57.8065099,12.1811994,,fuzzy,Fuzzy match: FÄllesÅsvÄgen 5 (score: 83),medium,57.8065099,12.1811994,122
,,Lundby IF,40097.0,Munkedalsgatan 10,,41716,,GÖTEBORG,Göteborg,info@lundbyif.se,,www.lundbyif.se,57.7192736,11.9206361,,exact,Exact match: Munkedalsgatan 10,medium,57.7192736,11.9206361,123
,,Lunden Överås BK,2866.0,Wrangelsgatan 5 c,Egon Hansen,416 62,,GÖTEBORG,Göteborg,kansli@lundenobk.se,,www.lundenobk.se,57.71214669750001,12.00269394,,exact,Street midpoint: Wrangelsgatan (40 addresses),large,57.71214669750001,12.00269394,124
,,Låtta Marta IF,44620.0,Ängskogsvägen 10 A,Anna Johansson,41743,,GÖTEBORG,Göteborg,l8marta@hotmail.se,,www.svenskalag.se/l8martaif,57.75458340769232,11.93186155128205,,fuzzy,Street midpoint: ÀngskogsvÄgen (39 addresses),medium,57.75458340769232,11.93186155128205,125
,,Marockanska Göteborg FF,66782.0,Lilliegatan 10,Amir Berzouami,41657,,Göteborg,,marockanskagoteborgff@gmail.com,,svenskalag.se/marockanskagoteborgff,57.7117635,12.0161054,,exact,Exact match: Lilliegatan 10,large,57.7117635,12.0161054,126
,,Marstrands BK,54952.0,Täljstensgatan 7,,44254,,Ytterby,Kungälv,,,,57.744129775000005,11.9574511625,,exact,Street midpoint: TÄljstensgatan (8 addresses),large,57.744129775000005,11.9574511625,127
,,Marstrands IS,53369.0,Nygatan 40,,44266,,Marstrand,Kungälv,,,,57.66573686111112,11.86394465,,fuzzy,Street midpoint: Bygatan (36 addresses),medium,57.66573686111112,11.86394465,128
,,Masthuggets BK,2981.0,Fjällgatan 27,,41317,,GÖTEBORG,Göteborg,info@masthugget.com,,http://www.masthugget.com,57.6953966,11.9396357,,exact,Exact match: FjÄllgatan 27,large,57.6953966,11.9396357,129
,,Menisken IF,8392.0,Radiofyrsgatan 5,Johan Anäng,42133,,Västra Frölunda,Göteborg,johan@teamtastic.se,,http://www.menisken.se,57.6539102,11.9280375,,exact,Exact match: Radiofyrsgatan 5,medium,57.6539102,11.9280375,130
,,Mossens BK,8393.0,Gibraltargatan 37,,41279,,GÖTEBORG,Göteborg,kansli@mossensbk.se,,http://www.mossensbk.se,57.6823777,11.9843687,,exact,Exact match: Gibraltargatan 37,large,57.6823777,11.9843687,131
,,Mölndal United FC,56105.0,Stenbrogatan 3E,,43162,,Mölndal,Mölndal,infmufc@gmail.com,,,57.70891521111111,11.929652111111112,,fuzzy,Street midpoint: Stenbocksgatan (9 addresses),large,57.70891521111111,11.929652111111112,132
,,Mölnlycke IF,3070.0,Box 1,,43521,,MÖLNLYCKE,Härryda,kansli@molnlyckeif.se; anders.dahlstedt@molnlyckeif.se,,www.molnlyckeif.se,,,,failed,Geocoding failed,medium,,,133
,,Mölnlycke IS Ungdom ,66925.0,Azaleavägen 4,Daniel Berntsson,43537,,Mölnlycke,Härryda,daniel.Berntsson78@gmail.com,,https://www.laget.se/MolnlyckeIS-Ungdom,57.711785125000006,11.899042608333332,,fuzzy,Street midpoint: AlevÄgen (12 addresses),medium,57.711785125000006,11.899042608333332,134
,,Neutrala UF,40918.0,flygvädersgatan 8,,41838,,GÖTEBORG,Göteborg,moefarah13@gmail.com; aliyare.gaani@hotmail.com; neutrala97@gmail.com,,www.laget.se/NEUTRALA,57.7249984,11.8870472,,exact,Exact match: FlygvÄdersgatan 8,medium,57.7249984,11.8870472,135
,,Nigerian Family KF,51919.0,övre kaserngåden 6,,41527,,göteborg,Göteborg,"info@nfagoteborg.com, omozid@yahoo.com",,,57.7367506,12.0304551,,fuzzy,Fuzzy match: Àvre KaserngÅrden 6 (score: 88),medium,57.7367506,12.0304551,136
,,Nokhba FC ,56564.0,Paprikagatan 9,Samir Albtish,42447,,Angered,,shivan.rashid@my.com,,,57.8195764,12.0317622,,exact,Exact match: Paprikagatan 9,medium,57.8195764,12.0317622,137
,,Nol IK,3115.0,Box 10,,44921,,NÖDINGE,Ale,nolik1928@live.se,,https://www.laget.se/nolik,,,,failed,Geocoding failed,medium,,,138
,,North Kings FC ,56446.0,,,,,,Göteborg,kenzofficial@outlook.com,,,,,,failed,Geocoding failed,medium,,,139
,,NorthLion FC,66836.0,Munkebäcksgatan 14 c,,41653,,Göteborg,Göteborg,daniel.olsson@fjaraskupan.se,,,57.71516225949368,12.024604520886076,,exact,Street midpoint: MunkebÄcksgatan (158 addresses),medium,57.71516225949368,12.024604520886076,140
,,Näsets SK,3220.0,Bergsätersgatan 7,,42166,,VÄSTRA FRÖLUNDA,Göteborg,kansliet@nasetssk.se; foreningsutvecklare@nasetssk.se,,http://www.nasetssk.se,57.6320864,11.9006232,,exact,Exact match: BergsÄtersgatan 7,medium,57.6320864,11.9006232,141
,,Nödinge SK Fotboll,3234.0,Box 17,,44921,,NÖDINGE,Ale,nskfotboll@hotmail.se,,http://www.laget.se/nskfotboll,,,,failed,Geocoding failed,medium,,,142
,,Partille IF FK,45375.0,Nygårsvägen 1,Partille IF FK,43332,,Partille,Partille,ordforande@partilleif.se,,www.partilleif.se,57.6641977,11.8810872,,fuzzy,Fuzzy match: NyÅrsvÄgen 1 (score: 95),medium,57.6641977,11.8810872,143
,,Poseidon FC,66870.0,Bögatan 50B,,41272,,Göteborg,Göteborg,robert@poseidonfc.se,,www.poseidonfc.se,57.701556,12.0156357,,exact,Exact match: BÖgatan 50B,large,57.701556,12.0156357,144
,,Proletären FF,3314.0,Åkereds Skolväg 22,,42166,,VÄSTRA FRÖLUNDA,Göteborg,kontakt@proletarenff.se,,proletarenff.se,57.6343995,11.9028735,,fuzzy,Fuzzy match: Àkereds SkolvÄg 22 (score: 90),medium,57.6343995,11.9028735,145
,,Pushers BK,8404.0,Nordhemsgatan 69 A,Leif Fransson,41309,,GÖTEBORG,Göteborg,Pushers48@gmail.com; Nicholas.Singleton@goteborgsregionen.se ,,https://www.laget.se/PUSHERSBK,57.696163933613455,11.95007534201681,,exact,Street midpoint: Nordhemsgatan (119 addresses),large,57.696163933613455,11.95007534201681,146
,,Qviding FIF,24330.0,Härlanda Park 6B,,416 52,,GÖTEBORG,Göteborg,kansli@qviding.se,,www.qviding.se,57.7162171,12.0171829,,exact,Exact match: HÄrlanda Park 6B,large,57.7162171,12.0171829,147
,,Rampen IK,52444.0,Vantgatan 3B,Kaisa Gunnedal,414 56,,Göteborg,Mölndal,info@rampen.co,,www.rampen.co,57.6897807,11.9260452,,exact,Exact match: Vantgatan 3B,medium,57.6897807,11.9260452,148
,,Real Maskin BK,22849.0,Nymånegatan 5,Anders Bengtsson,41508,,GÖTEBORG,Göteborg,real.maskin@gmail.com,,www.realmaskin.se,57.744047,12.02762,,exact,Exact match: NymÅnegatan 5,medium,57.744047,12.02762,149
,,Riyyo Atletic FC ,55995.0,Kryddhyllan 23,,42439,,Angered,Göteborg,Riyyoatleticfc@gmail.com,,,57.8033521,12.0240109,,exact,Exact match: Kryddhyllan 23,medium,57.8033521,12.0240109,150
,,Romelanda UF,3387.0,Romevi Hög 130,,44292,,ROMELANDA,Kungälv,kansliet@ruf.nu,,www.ruf.nu,,,,failed,Geocoding failed,medium,,,151
,,Rödbo IF,8411.0,Lotsgatan 12,Lars-Ivan Claesson,414 58,,Göteborg,Kungälv,Ian_cla2@yahoo.se,,www.laget.se/rodboif,57.6961863,11.9272519,,exact,Exact match: Lotsgatan 12,medium,57.6961863,11.9272519,152
,,Rörö IF,3474.0,"Lennart Zackrisson, Box 82",,47518,,RÖRÖ,Öckerö,lennart125@hotmail.com,,,,,,failed,Geocoding failed,medium,,,153
,,Salaam IF ,67052.0,Långströmsgatan 19C,,41870,,Göteborg,Göteborg,ali.al-shimary@outlook.com,,www.salaamif.se,57.72473897263158,11.90108415052632,,exact,Street midpoint: LÅngstrÖmsgatan (95 addresses),medium,57.72473897263158,11.90108415052632,154
,,Sandarna BK,3500.0,Ostindiegatan 25,,41452,,GÖTEBORG,Göteborg,sandarna@hotmail.se,,https://sandarnabk.sportadmin.se/,57.6861747,11.9126746,,exact,Exact match: Ostindiegatan 25,medium,57.6861747,11.9126746,155
,,Serbiska KIF Semberija Göteborg,30924.0,Kalendervägen 2,,41534,,GÖTEBORG,Göteborg,zoran_semberija@hotmail.se,,www.laget.se/semberija,57.7472476,12.0311111,,exact,Exact match: KalendervÄgen 2,medium,57.7472476,12.0311111,156
,,Serbiska KoIF Kozara,8374.0,Dagjämningsgatan 1,,41536,,Göteborg,Göteborg,kozara.goteborg@hotmail.com; zoran.vajagic@hotmail.com,,www.laget.se/kozara,57.7511578,12.0235886,,exact,Exact match: DagjÄmningsgatan 1,medium,57.7511578,12.0235886,157
,,SF Sindjelic,3569.0,Box 13011,,40251,,GÖTEBORG,Göteborg,sfsindjelic@gmail.com,,http://www.sindjelic.se,,,,failed,Geocoding failed,medium,,,158
,,SG Ruddalen IF,1771.0,Musikvägen 61,,42139,,Västra Frölunda,Göteborg,kansli@sgruddalen.se,,www.sgruddalen.se,57.6630738,11.9117081,,exact,Exact match: MusikvÄgen 61,medium,57.6630738,11.9117081,159
,,Sjövalla FK,3586.0,Finnsjövägen 12,,435 41,,MÖLNLYCKE,Härryda,sjovallafkfotboll@gmail.com,,https://www.laget.se/SjovallaFKfotboll,57.63240438442623,11.961185741393445,,fuzzy,Street midpoint: SisjÖvÄgen (244 addresses),medium,57.63240438442623,11.961185741393445,160
,,SK Argo,8295.0,Ekedalsgatan 26,,41468,,GÖTEBORG,Göteborg,info@skargo.se; petersjogren76@hotmail.com; mande257@volvocars.com,,http://skargo.se,57.6870139,11.9318664,,exact,Exact match: Ekedalsgatan 26,medium,57.6870139,11.9318664,161
,,Skogens IF,3623.0,Johan Alins gata 2,,41476,,GÖTEBORG,Göteborg,skogens.if@gmail.com,,http://www.laget.se/skogensif,57.6758877,11.936221283333332,,exact,Street midpoint: Johan Alins Gata (12 addresses),medium,57.6758877,11.936221283333332,162
,,Solväders FC,43467.0,Klarvädersgatan 1,Hector Valeria,41839,,Göteborg,Göteborg,solvaders97@gmail.com ,,Facebook sida: Biskopsgarden E Vi,57.7229773,11.8913202,,exact,Exact match: KlarvÄdersgatan 1,medium,57.7229773,11.8913202,163
,,Solängens BK,8421.0,Bäckstensgatan 15,,43149,,MÖLNDAL,Mölndal,kansli@solangensbk.se,,www.laget.se/Solangensbk,57.6597376,11.8908908,,fuzzy,Street midpoint: BÄrnstensgatan (1 addresses),medium,57.6597376,11.8908908,164
,,Stenkullen GoIK,3782.0,Granitvägen 3,,44360,,Stenkullen,Lerum,info@stenkullengoik.com,,http://www.stenkullengoik.com,57.6311304,11.9475751,,exact,Exact match: GranitvÄgen 3,medium,57.6311304,11.9475751,165
,,Styrsö BK,3884.0,Brattenskogen 11,Dragan Janicijevic,43084,,Styrsö,Göteborg,info@styrsobk.se,,http://www.styrsobk.se,57.6154611,11.7906686,,exact,Exact match: Brattenskogen 11,medium,57.6154611,11.7906686,166
,,Surte IS FK,42009.0,Box 2050,,445 02 ,,SURTE,Ale,surtebohus@gmail.com,,http://www.laget.se/surteis,,,,failed,Geocoding failed,medium,,,167
,,Swed-Som IF ,67002.0,Bergsjödalen 57,,41561,,Göteborg,Göteborg,ssv_98@hotmail.com,,,57.7593847,12.078642,,exact,Exact match: BergsjÖdalen 57,medium,57.7593847,12.078642,168
,,Svensk-Somaliska FS,51184.0,Fjäderhavsgatan 105,Nagy,424 66,,Angered,Göteborg,geza@interkultura.net; mfmsam@hotmail.com,,,57.7970326,12.0549887,,fuzzy,Fuzzy match: FjÄderharvsgatan 105 (score: 97),medium,57.7970326,12.0549887,169
,,Syrianska Göteborg FC,44089.0,Fotbollsvägen 48,,42433,,Angered,Göteborg,gabriel.yildirim@hotmail.com,,www.syrianskagoteborg.se,57.7685843,12.0291103,,exact,Exact match: FotbollsvÄgen 48,large,57.7685843,12.0291103,170
,,Säve SK,3972.0,Tåfjällsvägen 15,,42371,,SÄVE,Göteborg,info@savesk.se,,www.laget.se/savesk,57.8086097,11.9167788,,exact,Exact match: TÅfjÄllsvÄgen 15,medium,57.8086097,11.9167788,171
,,Sävedalens IF,8426.0,Hultvägen 2,,433 64,,SÄVEDALEN,Partille,kansli@savedalensif.se; kassor@savedalensif.se,,www.savedalensif.se,57.7872778,12.1017575,,fuzzy,Fuzzy match: HultavÄgen 2 (score: 95),medium,57.7872778,12.1017575,172
,,Tollereds IF,4099.0,Gamla Sågvägen 6,Thomas Balmér,44850,,TOLLERED,Lerum,info@tolleredsif.se,,http://www.tolleredsif.se,57.667136,11.8607742,,fuzzy,Fuzzy match: Gamla VÄgen 6 (score: 88),medium,57.667136,11.8607742,173
,,Torslanda FC,40286.0,Torslanda Idrottsväg 17,Torslanda IK,42332,,TORSLANDA,Göteborg,patrik.falk@torslandaik.com,,www.torslandaik.com,57.7179509,11.7587758,,exact,Exact match: Torslanda IdrottsvÄg 17,medium,57.7179509,11.7587758,174
,,Torslanda IK,4121.0,Torslanda Idrottsväg 17,,423 32,,TORSLANDA,Göteborg,kansli@torslandaik.com,,http://www.torslandaik.com,57.7179509,11.7587758,,exact,Exact match: Torslanda IdrottsvÄg 17,medium,57.7179509,11.7587758,175
,,Tuve BK ,54682.0,Lillhagsvägen 291,C/O Jonas Sand,42250,,Hisings Backa,Göteborg,styrelsetuvebk@gmail.com,,,57.7646018,11.9505955,,exact,Exact match: LillhagsvÄgen 291,medium,57.7646018,11.9505955,176
,,Tynnered FC,52395.0,Safirgatan 13,Ibrahim Maruvge,421 48,,Västra Frölunda,Göteborg,tynneredfc@hotmail.com,,,57.6455098,11.9044775,,exact,Exact match: Safirgatan 13,medium,57.6455098,11.9044775,177
,,Utbynäs FF,38984.0,Lemmingsgatan 5,Utbynäs SK,41507,,GÖTEBORG,Göteborg,christer.oxien@utbynassk.se,,www.utbynassk.se,57.7349916,12.0536182,,exact,Exact match: Lemmingsgatan 5,medium,57.7349916,12.0536182,178
,,Utbynäs SK,4292.0,Utbynäs SK,,415 72,,GÖTEBORG,Göteborg,kansli-fb@utbynassk.se,,www.utbynassk.se,57.73375724,12.04427599,,fuzzy,Street midpoint: UtbynÄsstigen (10 addresses),medium,57.73375724,12.04427599,179
,,Utsiktens BK,4293.0,Musikvägen 55,Ruddalens IP,42139,,VÄSTRA FRÖLUNDA,Göteborg,info@utsiktensbk.se; henrik.frendin@utsiktensbk.se; tompas296@gmail.com,,http://www.utsiktensbk.se,57.6632505,11.9105337,,exact,Exact match: MusikvÄgen 55,medium,57.6632505,11.9105337,180
,,Utsiktens Elitfotboll AB,94293.0,Musikvägen 55,Ruddalens IP,42139,,Västra Frölunda,Göteborg,info@utsiktensbk.se,,http://www.utsiktensbk.se,57.6632505,11.9105337,,exact,Exact match: MusikvÄgen 55,medium,57.6632505,11.9105337,181
,,Valhall BK,66992.0,Skolvägen 3,Magnus Hall,44250,,Ytterby,Göteborg,helge86@hotmail.com,,,57.8049311,11.981176,,fuzzy,Fuzzy match: SkovelvÄgen 3 (score: 90),medium,57.8049311,11.981176,182
,,Valhalla FC,55902.0,Tryggvegatan 6,,41727,,Göteborg ,Göteborg,Valhallaafc@gmail.com,,Svenskalag.se/gwfc-herr,57.7346765,11.9151525,,exact,Exact match: Tryggvegatan 6,medium,57.7346765,11.9151525,183
,,Vatra KIF,53618.0,Fjäderharvsgatan 24,Behar Tahiri,424 66,,Angered,Göteborg,tahiri_behar_@hotmail.com,,,57.7978917,12.0566193,,exact,Exact match: FjÄderharvsgatan 24,medium,57.7978917,12.0566193,184
,,WIP Idrottsförening,55691.0,Kvarnkullevägen 2D,Camilla Augustin,42333,,Torslanda,Göteborg,fredrik@padel-academy.se,,,57.7232312,11.7706393,,exact,Exact match: KvarnkullevÄgen 2D,medium,57.7232312,11.7706393,185
,,Vitalis Göteborg FF,66909.0,Ebbe Lieberathsgatan 31C,,41282,,Göteborg,Göteborg,atilasamkhanzadeh@gmail.com,,,57.679849108333336,12.000955608333332,,exact,Street midpoint: Ebbe Lieberathsgatan (48 addresses),large,57.679849108333336,12.000955608333332,186
,,Vrångö IF,8440.0,Box 49,,43083,,VRÅNGÖ,Göteborg,fribergjohan0@gmail.com; vrangoif@hotmail.com; claes.friberg@icloud.com,,www.laget.se/vrangoif,,,,failed,Geocoding failed,medium,,,187
,,Västkurd BK,52378.0,Vintervädersgatan 15,Yakup Sari,41836,,Göteborg,Göteborg,Nicolas@travel4you.se; vastkurdbk@gmail.com; vurre74@hotmail.com; dendelen@gmail.com; ulasaltuntas@gmail.com,,www.vastkurdbk.se,57.7251754,11.8959354,,exact,Exact match: VintervÄdersgatan 15,medium,57.7251754,11.8959354,188
,,Västra Frölunda IF,4526.0,Klubbvägen 19,,421 47,,VÄSTRA FRÖLUNDA,Göteborg,info@vastrafrolunda.com,,http://www.vastrafrolunda.com,57.6429523,11.9197916,,exact,Exact match: KlubbvÄgen 19,large,57.6429523,11.9197916,189
,,Youth FC,66740.0,BOX 2002,,43302,,SÄVEDALEN ,Partille,mats@majaab.se,,,,,,failed,Geocoding failed,medium,,,190
,,Ytterby IS,4568.0,Box 2134,,442 02,,Ytterby ,Kungälv,kansli@ytterbyis.nu,,http://www.ytterbyis.nu,,,,failed,Geocoding failed,medium,,,191
,,Älvsborg FF,8326.0,Box 5005,,42674,,VÄSTRA FRÖLUNDA,Göteborg,kansli@alvsborgff.se,,http://www.alvsborgff.se,,,,failed,Geocoding failed,medium,,,192
,,Älvängens IK,4648.0,Hövägen 23,,446 32,,ÄLVÄNGEN,Ale,Alvangens.Idrottsklubb@outlook.com,,www.laget.se/alvangensik,57.610585750000006,11.9343957,,fuzzy,Street midpoint: HÖjdvÄgen (12 addresses),medium,57.610585750000006,11.9343957,193
,,Öckerö IF,4663.0,Norgårdsvägen 89,,475 31,,ÖCKERÖ,Öckerö,malin.andersson@ockeroif.se,,http://www.ockeroif.se,57.64303391562501,11.938094703125,,fuzzy,Street midpoint: NergÅrdsvÄgen (32 addresses),medium,57.64303391562501,11.938094703125,194
,,Öjersjö IF,31259.0,Tallmossevägen 9,,43350,,ÖJERSJÖ,Partille,kansli@ojersjoif.se,,http://www.ojersjoif.se,57.628851866666665,11.960074396296296,,fuzzy,Street midpoint: LÖvmossevÄgen (27 addresses),medium,57.628851866666665,11.960074396296296,195
,,Önnereds IK,4679.0,Box 113,,421 21,,VÄSTRA FRÖLUNDA,Göteborg,onneredsik@hotmail.com,, www.svenskalag.se/onneredsik,,,,failed,Geocoding failed,medium,,,196
,,Örgryte IS Fotboll,51822.0,Korndalsvägen 2,,412 76,,Göteborg,Göteborg,andreas.karlsson@oisfotboll.se; max.pahlman@oisfotboll.se,,www.oisfotboll.se,57.817867033333336,11.884779833333337,,fuzzy,Street midpoint: KornhallsvÄgen (3 addresses),large,57.817867033333336,11.884779833333337,197
,,Ösets BK,8444.0,Svanebäcksgatan 16,,41471,,GÖTEBORG,Göteborg,oset.kassor@gmail.com;bejo52@hotmail.com,,www.svenskalag.se/osetsbk,57.6871967,11.9185271,,exact,Exact match: SvanebÄcksgatan 16,medium,57.6871967,11.9185271,198
,,,,,,,,,,,,,,,,failed,Geocoding failed,medium,,,199
,,,,,,,,,,,198 föreningar,,,,,failed,Geocoding failed,medium,,,200
